{"cameraMode":{"drawMode":0,"name":"Shaded","section":"Shading Mode"},"sceneLighting":false,"audioPlay":false,"sceneViewState":{"showFog":true,"showMaterialUpdate":false,"showSkybox":true,"showFlares":true,"showImageEffects":true,"showParticleSystems":true},"in2DMode":false,"pivot":{"x":7.145648956298828,"y":1.0656797885894776,"z":-8.616355895996094},"rotation":{"x":-0.09039423614740372,"y":0.8271689414978027,"z":-0.1392740160226822,"w":-0.5368645191192627},"size":1.5183498859405518,"orthographic":false}