{"cameraMode":{"drawMode":0,"name":"Shaded","section":"Shading Mode"},"sceneLighting":false,"audioPlay":false,"sceneViewState":{"showFog":true,"showMaterialUpdate":false,"showSkybox":true,"showFlares":true,"showImageEffects":true,"showParticleSystems":true},"in2DMode":false,"pivot":{"x":527.4207763671875,"y":275.2571716308594,"z":-1.76531982421875},"rotation":{"x":0.014997809194028378,"y":-0.014998171478509903,"z":0.00022494721633847803,"w":0.9997774958610535},"size":1131.5997314453125,"orthographic":false}