{"cameraMode":{"drawMode":0,"name":"Shaded","section":"Shading Mode"},"sceneLighting":false,"audioPlay":false,"sceneViewState":{"showFog":true,"showMaterialUpdate":false,"showSkybox":true,"showFlares":true,"showImageEffects":true,"showParticleSystems":true},"in2DMode":false,"pivot":{"x":-29.09869384765625,"y":24.40884017944336,"z":-85.6602783203125},"rotation":{"x":-0.001502935541793704,"y":0.9982238411903381,"z":-0.02876647189259529,"w":-0.05215369164943695},"size":541.0567016601563,"orthographic":false}