{"cameraMode":{"drawMode":0,"name":"Shaded","section":"Shading Mode"},"sceneLighting":false,"audioPlay":false,"sceneViewState":{"showFog":true,"showMaterialUpdate":false,"showSkybox":true,"showFlares":true,"showImageEffects":true,"showParticleSystems":true},"in2DMode":false,"pivot":{"x":1086.3819580078125,"y":488.0555725097656,"z":30.495624542236329},"rotation":{"x":-0.001502935541793704,"y":0.9982238411903381,"z":-0.02876647189259529,"w":-0.05215369164943695},"size":567.1655883789063,"orthographic":false}