{"cameraMode":{"drawMode":0,"name":"Shaded","section":"Shading Mode"},"sceneLighting":false,"audioPlay":false,"sceneViewState":{"showFog":true,"showMaterialUpdate":false,"showSkybox":true,"showFlares":true,"showImageEffects":true,"showParticleSystems":true},"in2DMode":false,"pivot":{"x":671.8995361328125,"y":469.12384033203127,"z":-4.192626953125},"rotation":{"x":-0.000665744359139353,"y":0.9988659024238586,"z":-0.0452892929315567,"w":-0.01468341238796711},"size":1033.0709228515625,"orthographic":false}